{"epoch/val_loss":0.9109991788864136,"epoch/learning_rate":0.0010000000474974513,"epoch/accuracy":0.3968254029750824,"epoch/epoch":32,"_wandb":{"runtime":1},"_step":32,"_runtime":1,"epoch/val_accuracy":0.5384615659713745,"_timestamp":1.768940478272062e+09,"epoch/loss":1.1738972663879395}