{"_timestamp":1.7689403764329631e+09,"_wandb":{"runtime":1},"epoch/loss":1.088291049003601,"epoch/epoch":28,"epoch/learning_rate":0.0010000000474974513,"epoch/val_loss":0.798096776008606,"_runtime":1,"epoch/val_accuracy":0.7777777910232544,"epoch/accuracy":0.48148149251937866,"_step":28}