{"epoch/accuracy":1,"epoch/val_loss":0.08734779804944992,"epoch/loss":0.05033983662724495,"_timestamp":1.768938167295742e+09,"_wandb":{"runtime":1},"epoch/learning_rate":0.0010000000474974513,"_step":26,"epoch/val_accuracy":1,"_runtime":1,"epoch/epoch":26}