{"_wandb":{"runtime":2},"epoch/val_loss":0.07077730447053909,"epoch/accuracy":0.9841269850730896,"epoch/epoch":37,"_step":37,"_runtime":2,"_timestamp":1.768938776585829e+09,"epoch/loss":0.06417513638734818,"epoch/val_accuracy":0.9230769276618958,"epoch/learning_rate":0.0010000000474974513}