{"epoch/loss":0.527106761932373,"_wandb":{"runtime":1},"epoch/val_loss":0.5590121746063232,"epoch/accuracy":0.7301587462425232,"epoch/learning_rate":0.0010000000474974513,"epoch/val_accuracy":0.7692307829856873,"_step":29,"_timestamp":1.7689404699587781e+09,"epoch/epoch":29,"_runtime":1}