{"epoch/loss":1.5116028785705566,"_step":13,"epoch/epoch":13,"epoch/accuracy":0.2063492089509964,"_wandb":{"runtime":1},"_runtime":1,"_timestamp":1.768939867101913e+09,"epoch/val_loss":1.4666502475738525,"epoch/learning_rate":0.0010000000474974513,"epoch/val_accuracy":0.3076923191547394}