{"epoch/val_accuracy":0.8461538553237915,"_wandb":{"runtime":1},"_step":28,"epoch/val_loss":0.4080803096294403,"epoch/accuracy":0.9365079402923584,"epoch/learning_rate":0.0010000000474974513,"epoch/loss":0.2351444810628891,"epoch/epoch":28,"_timestamp":1.768940160010473e+09,"_runtime":1}