{"epoch/val_loss":0.860836923122406,"_wandb":{"runtime":1},"epoch/accuracy":0.6851851940155029,"epoch/loss":0.7885468006134033,"_runtime":1,"_timestamp":1.76894035939961e+09,"_step":25,"epoch/val_accuracy":0.7777777910232544,"epoch/epoch":25,"epoch/learning_rate":0.0010000000474974513}