{"_step":40,"epoch/learning_rate":0.0010000000474974513,"epoch/epoch":40,"epoch/accuracy":0.5079365372657776,"_wandb":{"runtime":2},"_timestamp":1.768940256221067e+09,"epoch/val_loss":0.8304624557495117,"_runtime":2,"epoch/loss":0.8386421799659729,"epoch/val_accuracy":0.692307710647583}