{"epoch/val_accuracy":0.7692307829856873,"epoch/val_loss":0.4385676383972168,"epoch/accuracy":0.8095238208770752,"_timestamp":1.768939069476526e+09,"_wandb":{"runtime":1},"epoch/learning_rate":0.0010000000474974513,"epoch/epoch":32,"epoch/loss":0.4911145865917206,"_step":32,"_runtime":1}