{"epoch/val_accuracy":0.8461538553237915,"_wandb":{"runtime":1},"epoch/learning_rate":0.0010000000474974513,"_runtime":1,"_timestamp":1.7689400099745831e+09,"epoch/accuracy":0.8888888955116272,"epoch/loss":0.31884923577308655,"epoch/epoch":27,"_step":27,"epoch/val_loss":0.46851304173469543}